,Returns,Volatility,Sharpe Ratio,601 Weight,602 Weight,700 Weight,701 Weight,702 Weight,142 Weight,143 Weight,SPY Weight,QQQ Weight,^RUT Weight,IEI Weight,LQD Weight
0,1.8458239661590918,2.8869748081008377,0.6393626854587433,0.14207990716981758,0.08613838986107872,0.04393922874799113,0.17678803055449765,0.1553086486669218,0.009417123298734701,0.01863122447523013,0.012659782775615065,0.01200784967783666,0.03104902954230576,0.09491291739608178,0.21706786783388912
