,Returns,Volatility,Sharpe Ratio,601 Weight,602 Weight,700 Weight,701 Weight,702 Weight,142 Weight,143 Weight,SPY Weight,QQQ Weight,^RUT Weight,IEI Weight,LQD Weight,GSG Weight,GLD Weight,OIL Weight
0,3.8789099757260996,0.4893880246699428,7.926041873096807,0.11368183293798409,0.10285241892945443,0.12191895846663015,0.09861878693529036,0.045728818121486894,0.009117113441213506,0.034429906100171825,0.10541916282670734,0.0653935277594505,0.03469804425867911,0.11595213819019207,0.11289327363728434,0.016381686734303902,0.001948328457035604,0.020966003204115832
