{
    "usersList": {
        "tom": [
            {
                "id": 10,
                "levelOfRisk": 2,
                "startingInvestmentAmount": 1000,
                "stocksSymbols": [
                    601,
                    602,
                    700,
                    701,
                    702,
                    142,
                    143,
                    "SPY",
                    "QQQ",
                    "^RUT",
                    "IEI",
                    "LQD",
                    "GSG",
                    "GLD",
                    "OIL"
                ],
                "sectorsNames": [
                    "Israel Stocks Indexes",
                    "Israel General Bonds Indexes",
                    "Israel Government Bonds Indexes",
                    "US Stocks Indexes",
                    "US Bonds Indexes",
                    "US Commodity Indexes"
                ],
                "sectorsWeights": [
                    0.11328709422494139,
                    0.18622620780443,
                    0.2500526551323597,
                    0.1713620415553693,
                    0.1001047149913929,
                    0.17896728629150602
                ],
                "stocksWeights": [
                    0.0371119560947466,
                    0.1491142517096834,
                    0.10900465330509,
                    0.0113623619671986,
                    0.1296856398600711,
                    0.0266057448878235,
                    0.0866813493371179,
                    0.0652765844102519,
                    0.0374571506000896,
                    0.0686283065450278,
                    0.0520387892392715,
                    0.0480659257521214,
                    0.0050149282214801,
                    0.1666827024128897,
                    0.0072696556571362
                ],
                "annualReturns": 3.78911796689085,
                "annualMaxLoss": -4.440105800953538,
                "annualVolatility": 4.987408344148114,
                "annualSharpe": 0.7597368624000367,
                "totalChange": 56.97306679008574,
                "monthlyChange": 1.40296394629984,
                "dailyChange": -0.0005496261455911546,
                "statModelName": "Gini",
                "machineLearningOpt": 1,
                "stocksCollectionNumber": "1",
                "investments_list": [
                    {
                        "amount": 1000,
                        "date": "2023-08-13",
                        "status": false,
                        "automatic_investment": false
                    },
                    {
                        "amount": 2000,
                        "date": "2023-08-13",
                        "status": false,
                        "automatic_investment": false
                    },
                    {
                        "amount": 3000,
                        "date": "2023-08-13",
                        "status": false,
                        "automatic_investment": false
                    },
                    {
                        "amount": 5000,
                        "date": "2023-08-13",
                        "status": false,
                        "automatic_investment": false
                    },
                    {
                        "amount": 500,
                        "date": "2023-08-13",
                        "status": true,
                        "automatic_investment": false
                    }
                ]
            }
        ],
        "yarden": [
            {
                "levelOfRisk": 2,
                "startingInvestmentAmount": 0,
                "stocksSymbols": [
                    "TSLA",
                    "ADBE",
                    "JNJ",
                    "EOI",
                    "AAPL",
                    "AMZN",
                    "MSFT",
                    "GOOG",
                    "META",
                    "NVDA",
                    "AJG",
                    "BRO",
                    "BAC",
                    "CSL",
                    593038,
                    273011,
                    442012,
                    1081124
                ],
                "sectorsNames": [
                    "Israel Stocks",
                    "US Stocks"
                ],
                "sectorsWeights": [
                    0.36258446481602846,
                    0.6374155351839704
                ],
                "stocksWeights": [
                    0.0107879972470639,
                    0.0104125535537981,
                    0.0322610485857582,
                    0.0084311493316839,
                    0.1199737325706471,
                    0.0016940550715319,
                    0.0062246497537629,
                    0.0473192045078205,
                    0.0592026462702688,
                    0.1222511255134242,
                    0.0693799394369222,
                    0.0694842549180334,
                    0.0369355622765848,
                    0.0430576161466706,
                    0.013591058076604,
                    0.1106236778574035,
                    0.1284200445498869,
                    0.109949684332134
                ],
                "annualReturns": 25.231117979398487,
                "annualMaxLoss": 0.21607413130444542,
                "annualVolatility": 15.160632635208511,
                "annualSharpe": 1.6642523162788496,
                "totalChange": 1133.631674301016,
                "monthlyChange": 2.005075653191879,
                "dailyChange": 0.009919234896819241,
                "statModelName": "Markowitz",
                "machineLearningOpt": 0,
                "stocksCollectionNumber": "4",
                "id": 1
            }
        ],
        "hanael": [
            {
                "id": 3,
                "levelOfRisk": 2,
                "startingInvestmentAmount": 1000,
                "stocksSymbols": [
                    601,
                    602,
                    700,
                    701,
                    702,
                    "TA35.TA",
                    "TA90.TA",
                    "SPY",
                    "QQQ",
                    "^RUT",
                    "IEI",
                    "LQD",
                    "Gsg",
                    "GLD",
                    "OIL"
                ],
                "sectorsNames": [
                    "Israel Stocks",
                    "Israel General Bonds",
                    "Israel Government Bonds",
                    "US Stocks",
                    "US Bonds",
                    "US Commodity"
                ],
                "sectorsWeights": [
                    0.1523574543937997,
                    0.14382506849875817,
                    0.1858963458838309,
                    0.27105767188979735,
                    0.020432384369752494,
                    0.12609323586194923
                ],
                "stocksWeights": [
                    0.11863036000590176,
                    0.02519470849285641,
                    0.09432598997024162,
                    0.005785453082648072,
                    0.0857849028309412,
                    0.04037504803726698,
                    0.11198240635653271,
                    0.12621552885454487,
                    0.12333195200465197,
                    0.021510191030600517,
                    0.09818311161295837,
                    0.020432384369752494,
                    0.0021547274891537036,
                    0.11226857792783629,
                    0.013824657934112949
                ],
                "annualReturns": 5.939733924938107,
                "annualMaxLoss": -4.744313605621839,
                "annualVolatility": 6.475180321551482,
                "annualSharpe": 0.9173078786962522,
                "totalChange": 1.000016101691135,
                "monthlyChange": -945.0715617413496,