{
    "usersList": {
        "tom": [
            {
                "id": 10,
                "levelOfRisk": 2,
                "startingInvestmentAmount": 1000,
                "stocksSymbols": [
                    601,
                    602,
                    700,
                    701,
                    702,
                    142,
                    143,
                    "SPY",
                    "QQQ",
                    "^RUT",
                    "IEI",
                    "LQD",
                    "GSG",
                    "GLD",
                    "OIL"
                ],
                "sectorsNames": [
                    "Israel Stocks Indexes",
                    "Israel General Bonds Indexes",
                    "Israel Government Bonds Indexes",
                    "US Stocks Indexes",
                    "US Bonds Indexes",
                    "US Commodity Indexes"
                ],
                "sectorsWeights": [
                    0.11328709422494139,
                    0.18622620780443,
                    0.2500526551323597,
                    0.1713620415553693,
                    0.1001047149913929,
                    0.17896728629150602
                ],
                "stocksWeights": [
                    0.0371119560947466,
                    0.1491142517096834,
                    0.10900465330509,
                    0.0113623619671986,
                    0.1296856398600711,
                    0.0266057448878235,
                    0.0866813493371179,
                    0.0652765844102519,
                    0.0374571506000896,
                    0.0686283065450278,
                    0.0520387892392715,
                    0.0480659257521214,
                    0.0050149282214801,
                    0.1666827024128897,
                    0.0072696556571362
                ],
                "annualReturns": 3.78911796689085,
                "annualMaxLoss": -4.440105800953538,
                "annualVolatility": 4.987408344148114,
                "annualSharpe": 0.7597368624000367,
                "totalChange": 56.97306679008574,
                "monthlyChange": 1.40296394629984,
                "dailyChange": -0.0005496261455911546,
                "statModelName": "Gini",
                "machineLearningOpt": 1,
                "stocksCollectionNumber": "1",
                "investments_list": [
                    {
                        "amount": 1000,
                        "date": "2023-08-13",
                        "status": false,
                        "automatic_investment": false
                    },
                    {
                        "amount": 2000,
                        "date": "2023-08-13",
                        "status": false,
                        "automatic_investment": false
                    },
                    {
                        "amount": 3000,
                        "date": "2023-08-13",
                        "status": false,
                        "automatic_investment": false
                    },
                    {
                        "amount": 5000,
                        "date": "2023-08-13",
                        "status": false,
                        "automatic_investment": false
                    },
                    {
                        "amount": 500,
                        "date": "2023-08-13",
                        "status": true,
                        "automatic_investment": false
                    }
                ]
            }
        ],
        "yarden": [
            {
                "levelOfRisk": 3,
                "startingInvestmentAmount": 0,
                "stocksSymbols": [
                    "TSLA",
                    "ADBE",
                    "JNJ",
                    "EOI",
                    "AAPL",
                    "AMZN",
                    "MSFT",
                    "GOOG",
                    "META",
                    "NVDA",
                    "AJG",
                    "BRO",
                    "BAC",
                    "CSL",
                    593038,
                    273011,
                    442012,
                    1081124
                ],
                "sectorsNames": [
                    "Israel Stocks",
                    "US Stocks"
                ],
                "sectorsWeights": [
                    0.2594729177278063,
                    0.7405270822721928
                ],
                "stocksWeights": [
                    0.133451143366196,
                    0.0307276457382624,
                    0.0062433946599112,
                    0.006456443356002,
                    0.0300040517497975,
                    0.0088465415405362,
                    0.1548141769219124,
                    0.052742040313174,
                    0.0517623840198578,
                    0.1499414533641214,
                    0.0262865861406577,
                    0.0128733219168449,
                    0.0481954754683621,
                    0.0281824237165571,
                    0.1308142410208087,
                    0.1254751847853547,
                    0.0018857532504162,
                    0.0012977386712267
                ],
                "annualReturns": 29.86260515885462,
                "annualMaxLoss": -3.2980257095939507,
                "annualVolatility": 20.097352041483983,
                "annualSharpe": 1.4858975001887649,
                "totalChange": 1566.5929036689893,
                "monthlyChange": -1.5391922099824984,
                "dailyChange": 0.01981094336787324,
                "statModelName": "Markowitz",
                "machineLearningOpt": 0,
                "stocksCollectionNumber": "4",
                "id": 1
            }
        ],
        "hanael": [
            {
                "id": 3,
                "levelOfRisk": 2,
                "startingInvestmentAmount": 1000,
                "stocksSymbols": [
                    601,
                    602,
                    700,
                    701,
                    702,
                    "TA35.TA",
                    "TA90.TA",
                    "SPY",
                    "QQQ",
                    "^RUT",
                    "IEI",
                    "LQD",
                    "Gsg",
                    "GLD",
                    "OIL"
                ],
                "sectorsNames": [
                    "Israel Stocks",
                    "Israel General Bonds",
                    "Israel Government Bonds",
                    "US Stocks",
                    "US Bonds",
                    "US Commodity"
                ],
                "sectorsWeights": [
                    0.1523574543937997,
                    0.14382506849875817,
                    0.1858963458838309,
                    0.27105767188979735,
                    0.020432384369752494,
                    0.12609323586194923
                ],
                "stocksWeights": [
                    0.11863036000590176,
                    0.02519470849285641,
                    0.09432598997024162,
                    0.005785453082648072,
                    0.0857849028309412,
                    0.04037504803726698,
                    0.11198240635653271,
                    0.12621552885454487,
                    0.12333195200465197,
                    0.021510191030600517,
                    0.09818311161295837,
                    0.020432384369752494,
                    0.0021547274891537036,
                    0.11226857792783629,
                    0.013824657934112949
                ],
                "annualReturns": 5.939733924938107,
                "annualMaxLoss": -4.744313605621839,
                "annualVolatility": 6.475180321551482,
                "annualSharpe": 0.9173078786962522,
                "totalChange": 1.000016101691135,
                "monthlyChange": -945.0715617413496,